Age,Income,Number of Children,Gender_Male,Education_Bachelor's Degree,Education_Doctorate,Education_High School Diploma,Education_Master's Degree,Marital Status_Single,Home Ownership_Rented
51.0,145000.0,0,1,1,0,0,0,0,0
40.0,130000.0,0,1,0,0,1,0,1,0
30.0,117500.0,2,1,0,0,0,1,0,0
36.0,35000.0,0,0,0,0,1,0,1,1
25.0,55000.0,0,0,1,0,0,0,1,1
29.0,68000.0,2,0,0,1,0,0,0,0
25.0,60000.0,0,0,1,0,0,0,1,1
39.0,60000.0,2,0,1,0,0,0,0,0
45.0,105000.0,3,0,1,0,0,0,0,0
37.0,72500.0,2,0,1,0,0,0,0,0
48.0,87500.0,1,0,0,1,0,0,0,0
31.0,95000.0,0,1,0,1,0,0,1,1
34.0,47500.0,0,1,0,0,0,0,1,1
36.0,62500.0,2,0,1,0,0,0,0,0
46.0,95000.0,1,0,0,0,1,0,0,0
34.0,45000.0,0,1,0,0,0,0,1,1
36.0,90000.0,2,0,0,0,0,1,0,0
36.0,85000.0,1,0,0,1,0,0,0,0
42.0,105000.0,0,1,0,0,0,1,1,0
40.0,142500.0,0,1,0,0,1,0,1,0
36.0,110000.0,0,1,0,1,0,0,1,0
36.0,65000.0,2,0,1,0,0,0,0,0
50.0,162500.0,0,1,0,0,0,1,0,0
40.0,142500.0,0,1,0,0,1,0,1,0
36.0,85000.0,2,0,0,0,0,1,0,0
36.0,47500.0,0,1,0,0,0,0,1,1
36.0,57500.0,0,1,0,0,0,0,1,1
41.0,110000.0,0,1,0,1,0,0,1,0
43.0,92500.0,0,1,0,0,0,1,1,0
31.0,65000.0,0,1,1,0,0,0,1,1
44.0,87500.0,0,1,0,0,0,1,1,0
48.0,70000.0,1,0,0,1,0,0,0,0
50.0,160000.0,0,1,0,0,0,1,0,0
25.0,55000.0,0,0,1,0,0,0,1,1
51.0,140000.0,0,1,1,0,0,0,0,0
31.0,70000.0,0,1,1,0,0,0,1,1
28.0,32500.0,0,0,0,0,0,0,1,1
35.0,85000.0,1,0,0,1,0,0,0,0
29.0,27500.0,0,0,0,0,1,0,1,1
36.0,30000.0,0,0,0,0,0,0,1,1
33.0,52500.0,0,1,0,0,1,0,1,1
28.0,32500.0,0,0,0,0,0,0,1,1
27.0,37500.0,0,0,0,0,1,0,1,1
31.0,60000.0,0,1,1,0,0,0,1,1
25.0,50000.0,0,0,1,0,0,0,1,1
29.0,25000.0,0,0,0,0,1,0,1,1
43.0,80000.0,0,1,0,0,0,1,1,0
47.0,90000.0,1,0,0,1,0,0,0,0
45.0,115000.0,3,0,1,0,0,0,0,0
44.0,75000.0,0,1,0,0,0,1,1,0
32.0,57500.0,0,1,0,0,0,0,1,1
30.0,105000.0,2,1,0,0,0,1,0,0
45.0,100000.0,3,0,1,0,0,0,0,0
36.0,55000.0,0,1,0,0,0,0,1,1
30.0,117500.0,2,1,0,0,0,1,0,0
36.0,90000.0,1,0,0,1,0,0,0,0
49.0,77500.0,1,0,0,1,0,0,0,0
33.0,52500.0,0,1,0,0,1,0,1,1
50.0,150000.0,0,1,0,0,0,1,0,0
53.0,127500.0,0,1,0,0,0,0,0,0
25.0,62500.0,0,0,1,0,0,0,1,1
36.0,72500.0,2,0,1,0,0,0,0,0
52.0,130000.0,0,1,0,0,1,0,0,0
33.0,52500.0,0,1,0,0,1,0,1,1
35.0,80000.0,1,0,0,1,0,0,0,0
34.0,105000.0,1,1,1,0,0,0,0,1
28.0,32500.0,0,0,0,0,0,0,1,1
35.0,90000.0,1,0,0,1,0,0,0,0
30.0,112500.0,2,1,0,0,0,1,0,0
36.0,67500.0,2,0,1,0,0,0,0,0
25.0,57500.0,0,0,1,0,0,0,1,1
36.0,77500.0,1,0,0,1,0,0,0,0
52.0,135000.0,0,1,0,0,1,0,0,0
38.0,67500.0,2,0,1,0,0,0,0,0
49.0,77500.0,1,0,0,1,0,0,0,0
32.0,85000.0,0,1,0,0,0,1,1,1
36.0,85000.0,1,0,0,1,0,0,0,0
39.0,62500.0,2,0,1,0,0,0,0,0
26.0,47500.0,0,0,0,0,0,0,1,1
36.0,135000.0,0,1,1,0,0,0,0,0
33.0,52500.0,0,1,0,0,1,0,1,1
50.0,155000.0,0,1,0,0,0,1,0,0
39.0,62500.0,2,0,1,0,0,0,0,0
44.0,87500.0,0,1,0,0,0,1,1,0
48.0,82500.0,1,0,0,1,0,0,0,0
27.0,37500.0,0,0,0,0,1,0,1,1
36.0,27500.0,0,0,0,0,1,0,1,1
51.0,150000.0,0,1,1,0,0,0,0,0
36.0,50000.0,0,1,0,0,1,0,1,1
52.0,137500.0,0,1,0,0,1,0,0,0
36.0,130000.0,0,1,0,0,1,0,0,0
42.0,100000.0,0,1,0,0,0,1,1,0
35.0,85000.0,1,0,0,1,0,0,0,0
32.0,57500.0,0,1,0,0,0,0,1,1
36.0,85000.0,2,0,0,0,0,1,0,0
30.0,112500.0,2,1,0,0,0,1,0,0
36.0,70000.0,2,0,1,0,0,0,0,0
25.0,60000.0,0,0,1,0,0,0,1,1
48.0,82500.0,1,0,0,1,0,0,0,0
38.0,67500.0,2,0,1,0,0,0,0,0
28.0,75000.0,0,1,1,0,0,0,1,1
34.0,47500.0,0,1,0,0,0,0,1,1
35.0,80000.0,1,0,0,1,0,0,0,0
41.0,115000.0,0,1,0,1,0,0,1,0
42.0,110000.0,0,1,0,0,0,1,1,0
41.0,120000.0,0,1,0,1,0,0,1,0
36.0,140000.0,0,1,1,0,0,0,0,0
30.0,105000.0,2,1,0,0,0,1,0,0
44.0,87500.0,0,1,0,0,0,1,1,0
36.0,92500.0,0,1,0,0,0,1,1,0
45.0,105000.0,3,0,1,0,0,0,0,0
36.0,100000.0,0,1,0,0,0,1,1,0
50.0,155000.0,0,1,0,0,0,1,0,0
29.0,27500.0,0,0,0,0,1,0,1,1
28.0,32500.0,0,0,0,0,0,0,1,1
26.0,45000.0,0,0,0,0,0,0,1,1
36.0,95000.0,2,0,0,0,0,1,0,0
30.0,117500.0,2,1,0,0,0,1,0,0
36.0,85000.0,1,0,0,1,0,0,0,0
35.0,90000.0,1,0,0,1,0,0,0,0
38.0,67500.0,2,0,1,0,0,0,0,0
53.0,122500.0,0,1,0,0,0,0,0,0
34.0,47500.0,0,1,0,0,0,0,1,1
40.0,130000.0,0,1,0,0,1,0,1,0
36.0,105000.0,0,1,0,1,0,0,1,0
36.0,95000.0,0,1,0,0,0,1,1,0
43.0,95000.0,0,1,0,0,0,1,1,0
37.0,77500.0,2,0,1,0,0,0,0,0
26.0,40000.0,0,0,0,0,0,0,1,1
47.0,97500.0,1,0,0,1,0,0,0,0
32.0,57500.0,0,1,0,0,0,0,1,1
34.54545600828716,48181.82001035895,0,1,0,0,0,0,1,1
28.612326150446684,47500.0,0,0,0,0,0,0,1,1
28.993107820837796,58573.8900639865,0,0,0,0,0,0,1,1
32.0,57500.0,0,1,0,0,0,0,1,1
33.0,52500.0,0,1,0,0,1,0,1,1
27.243729210574788,45000.0,0,0,0,0,0,0,1,1
34.50535977972524,48131.699724656544,0,1,0,0,0,0,1,1
34.0,47500.0,0,1,0,0,0,0,1,1
34.760253496991545,53966.87791415962,0,1,0,0,0,0,1,1
31.756787150848965,57500.0,0,0,0,0,0,0,1,1
28.607034247686684,70750.7602661932,1,0,0,0,0,0,0,0
33.82799754606763,53189.99795505636,0,1,0,0,0,0,1,1
35.407452988591835,49259.316235739796,0,1,0,0,0,0,1,1
34.0,47500.0,0,1,0,0,0,0,1,1
33.0,52500.0,0,1,0,0,1,0,1,1
29.657416287770065,55000.0,0,0,0,0,0,0,1,1
27.76417062722899,57500.0,0,0,0,0,0,0,1,1
31.0,63532.55912640981,0,1,1,0,0,0,1,1
26.112638581720674,45035.19955678771,0,0,0,0,0,0,1,1
32.40926076728956,45000.0,0,0,0,0,0,0,1,1
31.71134195274865,58221.64511812838,0,1,0,0,0,0,1,1
34.0,46975.438851328014,0,1,0,0,0,0,1,1
31.665559722591127,57500.0,0,0,0,0,0,0,1,1
25.442194728919908,63052.74341114988,0,0,1,0,0,0,1,1
31.651077025501944,58372.30743624514,0,1,0,0,0,0,1,1
31.404717728806467,57712.600811140546,0,0,0,0,0,0,1,1
33.0,52500.0,0,1,0,0,1,0,1,1
33.797802696552814,57500.0,0,1,0,0,0,0,1,1
33.28623034947123,52738.525291226026,0,1,0,0,0,0,1,1
29.404272234612137,57500.0,0,0,0,0,0,0,1,1
34.0,47500.0,0,1,0,0,0,0,1,1
33.0,52500.0,0,1,0,0,1,0,1,1
34.0,46021.75553073068,0,1,0,0,0,0,1,1
31.802225656079486,45000.0,0,0,0,0,0,0,1,1
33.0,52500.0,0,1,0,0,1,0,1,1
34.76585374950758,47500.0,0,1,0,0,0,0,1,1
34.0,47500.0,0,1,0,0,0,0,1,1
34.33805206692692,57500.0,0,0,0,0,0,0,1,1
31.721729521164875,58195.676197087814,0,1,0,0,0,0,1,1
25.0,59410.03770062761,0,0,1,0,0,0,1,1
28.743931677238677,69792.47825932926,1,0,0,0,0,0,0,0
25.0,57398.91602615392,0,0,1,0,0,0,1,1
33.0,52500.0,0,1,0,0,1,0,1,1
26.88712656649465,45277.22705202958,0,0,0,0,0,0,1,1
34.31800950559731,51401.658745335575,0,1,0,0,1,0,1,1
27.61375361868317,47500.0,0,0,0,0,0,0,1,1
25.0,60000.0,0,0,1,0,0,0,1,1
27.098519107271553,65385.463772498384,1,0,0,0,0,0,0,0
36.0,56091.81107005904,0,1,0,0,0,0,1,1
33.0,52500.0,0,1,0,0,1,0,1,1
31.0,68606.68545594125,0,1,1,0,0,0,1,1
34.79116524144437,48488.95655180546,0,1,0,0,0,0,1,1
34.0,47500.0,0,1,0,0,0,0,1,1
27.233673472082465,55000.0,0,0,0,0,0,0,1,1
26.457171435536154,47500.0,0,0,0,0,0,0,1,1
34.79659639946561,51002.83633377866,0,1,0,0,1,0,1,1
32.0,57500.0,0,1,0,0,0,0,1,1
31.163274873106804,57201.169597538144,0,0,0,0,0,0,1,1
34.87306214440138,50939.11487966552,0,1,0,0,1,0,1,1
27.069435800864,55739.08421459429,0,0,0,0,0,0,1,1
25.0,59736.264350424324,0,0,1,0,0,0,1,1
30.070239852800135,31853.050045999957,0,0,0,0,0,0,1,1
33.637655990477874,27500.0,0,0,0,0,1,0,1,1
27.31171107608941,35941.444619552945,0,0,0,0,0,0,1,1
28.47993197882219,30100.340105889052,0,0,0,0,0,0,1,1
27.54671027934328,34766.4486032836,0,0,0,0,0,0,1,1
28.0,32500.0,0,0,0,0,0,0,1,1
28.0,32500.0,0,0,0,0,0,0,1,1
34.201062586888916,30562.167941597214,0,0,0,0,0,0,1,1
28.0,32500.0,0,0,0,0,0,0,1,1
28.84138119657881,32237.06837606912,0,0,0,0,0,0,1,1
28.0,32500.0,0,0,0,0,0,0,1,1
29.0,27500.0,0,0,0,0,1,0,1,1
29.0,27500.0,0,0,0,0,1,0,1,1
29.567862899353162,32010.04284395214,0,0,0,0,0,0,1,1
29.0,27386.931777723654,0,0,0,0,1,0,1,1
28.0,32500.0,0,0,0,0,0,0,1,1
31.109418317515857,33471.6932242237,0,0,0,0,0,0,1,1
30.170792254191166,31821.62742056526,0,0,0,0,0,0,1,1
29.370099926784565,32928.15622712018,0,0,0,0,0,0,1,1
28.0,32500.0,0,0,0,0,0,0,1,1
29.0,26797.66372578155,0,0,0,0,1,0,1,1
31.65843133473401,33643.25979210438,0,0,0,0,0,0,1,1
29.1273937997981,32147.689437563095,0,0,0,0,0,0,1,1
27.80219698075404,33489.0150962298,0,0,0,0,0,0,1,1
27.07455064367977,37127.24678160115,0,0,0,0,0,0,1,1
28.0,32500.0,0,0,0,0,0,0,1,1
29.822041845626742,33069.388076758354,0,0,0,0,0,0,1,1
29.589725452273377,32996.78920383543,0,0,0,0,0,0,1,1
28.0,32500.0,0,0,0,0,0,0,1,1
34.70822999918384,27038.653571137085,0,0,0,0,1,0,1,1
33.94800140693332,27500.0,0,0,0,0,1,0,1,1
28.0,32500.0,0,0,0,0,0,0,1,1
28.0,32500.0,0,0,0,0,0,0,1,1
27.07404465173409,37129.77674132955,0,0,0,0,0,0,1,1
30.86772582835418,33396.16432136068,0,0,0,0,0,0,1,1
35.188916583324094,27210.327351187174,0,0,0,0,1,0,1,1
34.76793083288034,35342.241435311014,0,0,0,0,1,0,1,1
32.98638501462047,30941.754682931107,0,0,0,0,0,0,1,1
29.978082223673844,36672.754937868376,0,0,0,0,1,0,1,1
27.063558350286023,37182.208248569885,0,0,0,0,0,0,1,1
30.487858573725298,33277.45580428916,0,0,0,0,0,0,1,1
36.0,29187.041694933134,0,0,0,0,0,0,1,1
28.270393821661937,31148.03089169032,0,0,0,0,0,0,1,1
31.537097700513506,27500.0,0,0,0,0,1,0,1,1
29.0,27500.0,0,0,0,0,1,0,1,1
27.47221492516195,35138.92537419025,0,0,0,0,0,0,1,1
28.880405754061698,28097.97122969151,0,0,0,0,0,0,1,1
33.99271351056097,27500.0,0,0,0,0,1,0,1,1
28.0,32500.0,0,0,0,0,0,0,1,1
31.50978241944403,33596.80700607626,0,0,0,0,0,0,1,1
28.0,32500.0,0,0,0,0,0,0,1,1
29.0,27500.0,0,0,0,0,1,0,1,1
28.0,32500.0,0,0,0,0,0,0,1,1
28.0,32500.0,0,0,0,0,0,0,1,1
28.20335301395276,32436.45218313976,0,0,0,0,0,0,1,1
28.863131415946434,32230.27143251674,0,0,0,0,0,0,1,1
35.77999570019286,29921.427035783163,0,0,0,0,0,0,1,1
30.908716709889756,33408.97397184055,0,0,0,0,0,0,1,1
30.514847848610614,33285.88995269081,0,0,0,0,0,0,1,1
32.068565529317624,33771.426727911756,0,0,0,0,0,0,1,1
35.35296531748265,29768.916184815233,0,0,0,0,0,0,1,1
34.005662166809,28746.461145744375,0,0,0,0,0,0,1,1
28.0,32500.0,0,0,0,0,0,0,1,1
34.04440910834439,30611.12215364238,0,0,0,0,0,0,1,1
27.0,37500.0,0,0,0,0,1,0,1,1
29.0,27307.550225428018,0,0,0,0,1,0,1,1
33.68198837668986,34275.62136771558,0,0,0,0,0,0,1,1
34.71022970196796,30403.05321813501,0,0,0,0,0,0,1,1
27.929697652342572,32851.51173828713,0,0,0,0,0,0,1,1
30.343157343049082,27500.0,0,0,0,0,1,0,1,1
33.06723005208339,34083.50939127606,0,0,0,0,0,0,1,1
28.0,32500.0,0,0,0,0,0,0,1,1
27.803672076899115,33481.63961550443,0,0,0,0,0,0,1,1
28.0,32500.0,0,0,0,0,0,0,1,1
29.752087010570158,27500.0,0,0,0,0,1,0,1,1
28.46065775808435,29045.06681436738,0,0,0,0,0,0,1,1
34.652081086148435,29518.600387910155,0,0,0,0,0,0,1,1
29.727360900535547,27759.771750191267,0,0,0,0,0,0,1,1
